Abaci,Baba,Cabal,Dacha,Each,,Gaga,Haka,Icicle,,Keep,Lace,Mahatma,Naan,Oath,Pain,,Racially,,Tacet,Udon,Vain,Wage,,Yahoo
Aback,Babe,Cabala,Deadhead,Educable,,Gage,Halo,Icily,,Keeping,Laced,Mailman,Nabob,Occur,Paint,,Racily,,Tach,Unban,Valid,Wagging,,Yappy
Abate,Babka,Cabbed,Deadheaded,Educe,,Gagging,Hand,Icing,,Kepi,Lacy,Maim,Nacho,Olio,Panama,,Racy,,Tacit,Unbutton,Vanilla,Waging,,Yuan
Abet,Baboon,Cabbie,Debacle,Educed,,Gain,Handed,Idol,,Kingpin,Laid,Main,Nagging,Omit,Panini,,Rally,,Tacitly,Uncommon,Vanillin,Wahoo,,
Aboil,Back,Cable,Decade,Egghead,,Gaining,Hang,Igloo,,Kebab,Lain,Maintain,Naiad,Onion,Pant,,Rarity,,Tack,Undo,Vial,Wake,,
Acacia,Backbit,Cabled,Decal,Eggheaded,,Ganache,Hanged,Igniting,,Kickback,Laity,Mako,Nail,Onto,Papa,,Rattly,,Taco,Unthought,Villa,Waken,,
Acai,Backbite,Cacao,Deduce,Emit,,Gang,Happy,Illicitly,,,Lamina,Mama,Nana,Orca,Papacy,,Ratty,,Tact,Unto,Villain,Wakening,,
Accede,Bait,Cache,Deduced,Engage,,Ganging,Hatch,Illogic,,,Laminal,Mamma,Nankeen,Ottoman,Papaya,,Riyal,,Tactic,Upon,Vindaloo,Waking,,
Acceded,Bake,Cached,Deuce,Engaging,,Gawk,Hath,Illogical,,,Lanai,Mammalian,Nanny,Ouch,Pappy,,Roach,,Tactically,,Viol,Wane,,
Aced,Banana,Cacophony,Dial,Engine,,Gawking,Hatha,Illy,,,Lanolin,Mammon,Nanobot,Ought,Patina,,Rococo,,Tactility,,Viola,Waning,,
Acetate,Banyan,Cacti,Dildo,Enhance,,Gelling,Hawk,Imam,,,Lantana,Mammoth,Napalm,Outdo,Peeing,,,,Taint,,Violin,Wanna,,
Acetic,Baobab,Cake,Dill,Enhanced,,Genie,Head,Imitation,,,Legging,Mania,Natal,Outgo,Peek,,,,Take,,Vivid,Watt,,
Ache,Bate,Calculable,Dino,Epee,,Genii,Headache,Implant,,,Legitimize,Manila,Natant,Outgun,Peeking,,,,Takeback,,Void,Weak,,
Ached,Batik,Calico,Diva,Excelling,,Gewgaw,Headed,Inane,,,Lenience,Manna,Natty,Outthought,Peen,,,,Tally,,Voila,Weaken,,
Achoo,Baton,Call,Divan,Exile,,Ghee,Hedge,Inapt,,,Lice,Manta,Negligee,Ovoid,Peep,,,,Tannin,,,Weakening,,
Achy,Beak,Calla,Donut,Exiling,,Gigging,Hedged,Incline,,,Licitly,Many,Negligence,,Peeping,,,,Tarry,,,Wean,,
Acrylic,Beat,Callable,Doth,,,Giggle,Heed,Inclining,,,Liege,Math,Nice,,Pegging,,,,Tartly,,,Weaning,,
Actor,Beekeeping,Callaloo,Doughnut,,,Giggling,Heeded,Initial,,,Lien,Mayo,Niece,,Peke,,,,Tatami,,,Wham,,
Actuator,Beep,Called,Duca,,,Gigolo,Hence,Inlaid,,,Lighting,Meet,Niggle,,Penne,,,,Tattoo,,,Whammo,,
Acyclic,Beeping,Cancan,Dugout,,,Gill,Henge,Inland,,,Lightning,Melee,Niggling,,Penning,,,,Tatty,,,What,,
Adduce,Beta,Canna,Dunno,,,Gilling,Henna,Innie,,,Lilting,Melt,Nigh,,Pepping,,,,Taunt,,,Whoa,,
Adduced,Betake,Cannon,,,,Gimlet,Hennaed,Inning,,,Lily,Meme,Night,,Pigging,,,,Teacake,,,Wigwag,,
Again,Biologic,Canny,,,,Gimme,Highlighting,Intimation,,,Lime,Mete,Nightlight,,Pigpen,,,,Teak,,,Wigwagging,,
Ageing,Biological,Canon,,,,Ginning,Hilling,Invalid,,,Liminal,Mettle,Nightly,,Pike,,,,Teat,,,,,
Aging,Blob,Canopy,,,,Glint,Hinging,Item,,,Limit,Meze,Nine,,Pinata,,,,Teem,,,,,
Agog,Bloc,Canyon,,,,Glinting,Hinny,Itemize,,,Limn,Mezze,Ninepin,,Pine,,,,That,,,,,
Ahead,Blog,Capo,,,,Glob,Hint,Itty,,,Line,Mile,Ninny,,Ping,,,,Thatch,,,,,
Ahoy,Boba,Capon,,,,Global,Hinting,,,,Linen,Militant,Ninth,,Pinging,,,,Thaw,,,,,
Aioli,Bocci,Carat,,,,Gnaw,Hitting,,,,Lining,Militiaman,Ninthly,,Pining,,,,Thin,,,,,
Airily,Boil,Carrot,,,,Gnawing,Holt,,,,Lint,Mill,Nipping,,Pink,,,,Thing,,,,,
Airy,Bola,Carry,,,,Goal,Hooch,,,,Linty,Millet,Nixing,,Pinkie,,,,Thingy,,,,,
Akin,Boll,Carryall,,,,Googol,Hookah,,,,Lion,Mime,Nomination,,Pinking,,,,Thinly,,,,,
Alacrity,Bolo,Cart,,,,Goth,Hoot,,,,Livid,Mini,Noncom,,Pinning,,,,Thinning,,,,,
Allay,Bonbon,Catalytic,,,,Gout,Horchata,,,,Loath,Minim,Nonillion,,Pint,,,,Thong,,,,,
Allot,Bonny,Catalytically,,,,Galoot,Hotdog,,,,Lobo,Minima,Nonvalid,,Pintail,,,,Thou,,,,,
Ally,Bonobo,Cataract,,,,Ghoul,Hunt,,,,Local,Minimal,Noob,,Pipe,,,,Though,,,,,
Aloha,Bony,Catarrh,,,,Gloat,Hutch,,,,Loci,Minion,Noon,,Piping,,,,Thought,,,,,
Although,Boob,Catch,,,,Glottal,,,,,Loco,Mint,Nought,,Pippin,,,,Thud,,,,,
Alto,Booboo,Cattily,,,,Goat,,,,,Loggia,Minty,Noun,,Plain,,,,Thug,,,,,
Amino,Boogaloo,Catty,,,,Gotta,,,,,Logic,Mite,Nubby,,Plaint,,,,Tibia,,,,,
Amity,Boon,Caudal,,,,,,,,,Logical,Mitt,Nutty,,Plan,,,,Tibiae,,,,,
Ammo,Botany,Caul,,,,,,,,,Logo,Moan,,,Plant,,,,Tieback,,,,,
Ammonia,Bounty,Cede,,,,,,,,,Loin,Moat,,,Plantain,,,,Tikka,,,,,
Amnio,Bunny,Ceded,,,,,,,,,Loll,Mohawk,,,Pliant,,,,Tiling,,,,,
Amok,Bunt,Ceiling,,,,,,,,,Loot,Momma,,,Poach,,,,Tilling,,,,,
Anal,Buoyant,Celeb,,,,,,,,,Lotto,Mommy,,,Pond,,,,Tilting,,,,,
Anatomy,Button,Cell,,,,,,,,,Lout,Mondo,,,Poppa,,,,Time,,,,,
Ancho,,Celled,,,,,,,,,Lying,Mono,,,Pound,,,,Timpani,,,,,
Anew,,Celli,,,,,,,,,Lyric,Monomania,,,,,,,Tinging,,,,,
Angina,,Cellule,,,,,,,,,Lyrical,Mononym,,,,,,,Tingling,,,,,
Anima,,Chad,,,,,,,,,Lyrically,Monopod,,,,,,,Tingly,,,,,
Animal,,Chance,,,,,,,,,,Monotony,,,,,,,Tinily,,,,,
Animation,,Chanced,,,,,,,,,,Moon,,,,,,,Tinny,,,,,
Anion,,Chancy,,,,,,,,,,Moony,,,,,,,Tint,,,,,
Annal,,Change,,,,,,,,,,Moot,,,,,,,Tinting,,,,,
Annoy,,Changed,,,,,,,,,,Motion,,,,,,,Tiny,,,,,
Anon,,Chap,,,,,,,,,,Motto,,,,,,,Titan,,,,,
Anonymity,,Char,,,,,,,,,,Mound,,,,,,,Tithing,,,,,
Anti,,Chart,,,,,,,,,,Myna,,,,,,,Toccata,,,,,
Antimony,,Chat,,,,,,,,,,,,,,,,,Toga,,,,,
Antonym,,Church,,,,,,,,,,,,,,,,,Toll,,,,,
Antonymy,,Churro,,,,,,,,,,,,,,,,,Tomahawk,,,,,
Anvil,,Ciabatta,,,,,,,,,,,,,,,,,Tomato,,,,,
Anyhoo,,Ciao,,,,,,,,,,,,,,,,,Tomtit,,,,,
Apian,,City,,,,,,,,,,,,,,,,,Tong,,,,,
Arch,,Clad,,,,,,,,,,,,,,,,,Tony,,,,,
Arco,,Clade,,,,,,,,,,,,,,,,,Tool,,,,,
Array,,Clarity,,,,,,,,,,,,,,,,,Toon,,,,,
Arty,,Clay,,,,,,,,,,,,,,,,,Toot,,,,,
Atoll,,Cling,,,,,,,,,,,,,,,,,Tooth,,,,,
Atom,,Clinging,,,,,,,,,,,,,,,,,Torch,,,,,
Attach,,Clinic,,,,,,,,,,,,,,,,,Total,,,,,
Attack,,Cloaca,,,,,,,,,,,,,,,,,Touch,,,,,
Attain,,Clog,,,,,,,,,,,,,,,,,Tough,,,,,
Attic,,Club,,,,,,,,,,,,,,,,,Tout,,,,,
Attract,,Clubbed,,,,,,,,,,,,,,,,,Tract,,,,,
Attractor,,Clue,,,,,,,,,,,,,,,,,Tractor,,,,,
Aunt,,Clued,,,,,,,,,,,,,,,,,Tray,,,,,
Aunty,,Coach,,,,,,,,,,,,,,,,,Tuna,,,,,
Auto,,Coal,,,,,,,,,,,,,,,,,Tutu,,,,,
Autocrat,,Coat,,,,,,,,,,,,,,,,,Tying,,,,,
Avail,,Coauthor,,,,,,,,,,,,,,,,,,,,,,
Avian,,Coca,,,,,,,,,,,,,,,,,,,,,,
Avid,,Cocci,,,,,,,,,,,,,,,,,,,,,,
Avoid,,Cocoa,,,,,,,,,,,,,,,,,,,,,,
Awake,,Cocoon,,,,,,,,,,,,,,,,,,,,,,
Awaken,,Codon,,,,,,,,,,,,,,,,,,,,,,
Awakening,,Coho,,,,,,,,,,,,,,,,,,,,,,
Awaking,,Cohort,,,,,,,,,,,,,,,,,,,,,,
Awing,,Coil,,,,,,,,,,,,,,,,,,,,,,
Awning,,Cola,,,,,,,,,,,,,,,,,,,,,,
,,Colic,,,,,,,,,,,,,,,,,,,,,,
,,Collab,,,,,,,,,,,,,,,,,,,,,,
,,Common,,,,,,,,,,,,,,,,,,,,,,
,,Compound,,,,,,,,,,,,,,,,,,,,,,
,,Condo,,,,,,,,,,,,,,,,,,,,,,
,,Condom,,,,,,,,,,,,,,,,,,,,,,
,,Cool,,,,,,,,,,,,,,,,,,,,,,
,,Coot,,,,,,,,,,,,,,,,,,,,,,
,,Copay,,,,,,,,,,,,,,,,,,,,,,
,,Couch,,,,,,,,,,,,,,,,,,,,,,
,,Coupon,,,,,,,,,,,,,,,,,,,,,,
,,Court,,,,,,,,,,,,,,,,,,,,,,
,,Couth,,,,,,,,,,,,,,,,,,,,,,
,,Criticality,,,,,,,,,,,,,,,,,,,,,,
,,Critically,,,,,,,,,,,,,,,,,,,,,,
,,Croc,,,,,,,,,,,,,,,,,,,,,,
,,Crotch,,,,,,,,,,,,,,,,,,,,,,
,,Crouch,,,,,,,,,,,,,,,,,,,,,,
,,Crutch,,,,,,,,,,,,,,,,,,,,,,
,,Cube,,,,,,,,,,,,,,,,,,,,,,
,,Cubed,,,,,,,,,,,,,,,,,,,,,,
,,Cuddle,,,,,,,,,,,,,,,,,,,,,,
,,Cuddled,,,,,,,,,,,,,,,,,,,,,,
,,Cued,,,,,,,,,,,,,,,,,,,,,,
,,Cull,,,,,,,,,,,,,,,,,,,,,,
,,Culled,,,,,,,,,,,,,,,,,,,,,,
,,Curacao,,,,,,,,,,,,,,,,,,,,,,
,,Curator,,,,,,,,,,,,,,,,,,,,,,
,,Curt,,,,,,,,,,,,,,,,,,,,,,
,,Cutout,,,,,,,,,,,,,,,,,,,,,,
,,Cutthroat,,,,,,,,,,,,,,,,,,,,,,
,,Cyan,,,,,,,,,,,,,,,,,,,,,,
,,Cyclic,,,,,,,,,,,,,,,,,,,,,,
,,Cyclical,,,,,,,,,,,,,,,,,,,,,,
,,Cyclically,,,,,,,,,,,,,,,,,,,,,,